index,power
26497,0.0024000000000000002
26498,0.2872000000000005
26499,0.0368
