Cluster,Sub_cluster,Population,Load [kW],Grid_Length [km],Grid Cost [euro],Max length [km],Transformer_rated_power [kVA],Cost[euro]
53.0,0.0,791,0.9966435917003733,0.9338627358166405,9338.627358166405,0.4072526168640457,50,1500
53.0,1.0,790,0.9957311807237229,0.6865747600035453,6865.747600035454,0.45400486535511175,50,1500
